ts_code,trade_date,open,high,low,close,pre_close,change,pct_chg,vol,amount,stock_name
600519.SH,20230103,1731.2,1738.43,1706.01,1730.01,1727.0,3.01,0.1743,26033.8,4487760.231,茅台
600519.SH,20230104,1730.0,1738.7,1716.0,1725.01,1730.01,-5.0,-0.289,20415.75,3523582.306,茅台
600519.SH,20230105,1737.0,1801.0,1733.0,1801.0,1725.01,75.99,4.4052,47942.85,8541587.089,茅台
600519.SH,20230106,1806.12,1811.9,1787.0,1803.77,1801.0,2.77,0.1538,24903.75,4480838.898,茅台
600519.SH,20230109,1835.0,1849.98,1807.82,1841.2,1803.77,37.43,2.0751,30977.23,5684181.147,茅台
600519.SH,20230110,1839.06,1864.5,1830.5,1854.45,1841.2,13.25,0.7196,22731.73,4204783.734,茅台
600519.SH,20230111,1856.0,1860.0,1836.84,1844.95,1854.45,-9.5,-0.5123,22720.31,4201487.773,茅台
600519.SH,20230112,1848.0,1856.0,1833.0,1834.0,1844.95,-10.95,-0.5935,17193.17,3162637.136,茅台
600519.SH,20230113,1844.18,1888.0,1840.0,1887.0,1834.0,53.0,2.8899,31939.65,5969876.222,茅台
600519.SH,20230116,1886.0,1935.0,1881.0,1912.9,1887.0,25.9,1.3725,36848.26,7059982.64,茅台
600519.SH,20230117,1913.16,1923.0,1895.0,1908.0,1912.9,-4.9,-0.2562,21299.23,4068321.409,茅台
600519.SH,20230118,1914.0,1925.3,1890.0,1893.0,1908.0,-15.0,-0.7862,21062.93,4008665.438,茅台
600519.SH,20230119,1892.5,1892.52,1866.0,1880.21,1893.0,-12.79,-0.6756,23438.89,4401994.437,茅台
600519.SH,20230120,1889.19,1898.25,1858.0,1860.01,1880.21,-20.2,-1.0743,25608.75,4807356.071,茅台
600519.SH,20230130,1909.0,1909.0,1880.0,1888.0,1860.01,27.99,1.5048,35922.55,6799756.571,茅台
600519.SH,20230131,1896.5,1899.95,1833.07,1845.76,1888.0,-42.24,-2.2373,32990.68,6128311.548,茅台
600519.SH,20230201,1854.98,1859.0,1811.4,1844.97,1845.76,-0.79,-0.0428,33973.89,6244678.925,茅台
600519.SH,20230202,1848.38,1859.0,1826.0,1836.11,1844.97,-8.86,-0.4802,29758.86,5465509.51,茅台
600519.SH,20230203,1820.0,1826.0,1795.68,1818.0,1836.11,-18.11,-0.9863,34944.9,6324635.031,茅台
600519.SH,20230206,1780.0,1795.0,1760.0,1795.0,1818.0,-23.0,-1.2651,42660.95,7595739.044,茅台
600519.SH,20230207,1808.08,1808.8,1787.73,1797.0,1795.0,2.0,0.1114,24321.71,4373671.735,茅台
600519.SH,20230208,1800.01,1805.97,1775.0,1784.0,1797.0,-13.0,-0.7234,16675.77,2980574.806,茅台
600519.SH,20230209,1778.0,1829.75,1775.01,1818.0,1784.0,34.0,1.9058,29753.66,5401399.088,茅台
600519.SH,20230210,1810.1,1818.49,1801.05,1810.0,1818.0,-8.0,-0.44,17984.51,3253859.317,茅台
600519.SH,20230213,1810.0,1874.5,1810.0,1856.35,1810.0,46.35,2.5608,38146.7,7058382.498,茅台
600519.SH,20230214,1856.46,1857.4,1835.0,1843.79,1856.35,-12.56,-0.6766,19565.76,3601769.574,茅台
600519.SH,20230215,1843.78,1855.3,1835.81,1841.0,1843.79,-2.79,-0.1513,18176.91,3351422.211,茅台
600519.SH,20230216,1841.34,1887.0,1828.0,1861.82,1841.0,20.82,1.1309,33245.95,6196915.13,茅台
600519.SH,20230217,1850.16,1873.0,1820.05,1820.78,1861.82,-41.04,-2.2043,26442.83,4880328.952,茅台
600519.SH,20230220,1821.0,1878.8,1817.2,1875.0,1820.78,54.22,2.9778,29668.69,5488800.056,茅台
600519.SH,20230221,1874.0,1874.0,1851.0,1867.0,1875.0,-8.0,-0.4267,18750.52,3491633.51,茅台
600519.SH,20230222,1855.01,1863.9,1831.8,1836.0,1867.0,-31.0,-1.6604,21869.16,4031016.045,茅台
600519.SH,20230223,1840.0,1848.8,1805.25,1818.0,1836.0,-18.0,-0.9804,21880.97,3983991.208,茅台
600519.SH,20230224,1810.11,1810.19,1782.18,1788.0,1818.0,-30.0,-1.6502,24634.61,4415621.498,茅台
600519.SH,20230227,1778.5,1815.0,1775.02,1810.41,1788.0,22.41,1.2534,22064.89,3978128.676,茅台
600519.SH,20230228,1819.0,1822.01,1783.3,1813.74,1810.41,3.33,0.1839,23951.81,4314877.096,茅台
600519.SH,20230301,1813.0,1848.0,1803.23,1838.53,1813.74,24.79,1.3668,24458.1,4475592.195,茅台
600519.SH,20230302,1829.0,1838.99,1821.1,1828.0,1838.53,-10.53,-0.5727,13144.19,2405292.304,茅台
600519.SH,20230303,1839.77,1841.61,1802.48,1818.04,1828.0,-9.96,-0.5449,16198.06,2946842.659,茅台
600519.SH,20230306,1818.18,1818.5,1796.77,1807.14,1818.04,-10.9,-0.5995,20645.86,3730079.522,茅台
600519.SH,20230307,1805.98,1816.6,1788.0,1788.3,1807.14,-18.84,-1.0425,22785.39,4101302.456,茅台
600519.SH,20230308,1780.02,1785.94,1761.12,1770.42,1788.3,-17.88,-0.9998,22763.7,4035787.172,茅台
600519.SH,20230309,1768.0,1785.0,1740.0,1770.02,1770.42,-0.4,-0.0226,27611.5,4881442.71,茅台
600519.SH,20230310,1751.57,1781.0,1750.0,1750.0,1770.02,-20.02,-1.1311,21160.82,3725139.075,茅台
600519.SH,20230313,1751.0,1775.0,1749.0,1762.0,1750.0,12.0,0.6857,20560.43,3626476.291,茅台
600519.SH,20230314,1763.78,1779.88,1738.5,1766.0,1762.0,4.0,0.227,23704.92,4177289.027,茅台
600519.SH,20230315,1778.37,1784.88,1750.12,1750.92,1766.0,-15.08,-0.8539,19212.53,3392698.49,茅台
600519.SH,20230316,1740.0,1770.0,1739.01,1751.99,1750.92,1.07,0.0611,17646.24,3096791.142,茅台
600519.SH,20230317,1770.0,1775.89,1736.0,1742.0,1751.99,-9.99,-0.5702,27022.91,4744249.369,茅台
600519.SH,20230320,1751.0,1755.0,1728.0,1729.6,1742.0,-12.4,-0.7118,20490.93,3557872.017,茅台
600519.SH,20230321,1735.0,1785.85,1723.97,1775.0,1729.6,45.4,2.6249,31141.82,5491052.284,茅台
600519.SH,20230322,1780.0,1793.0,1765.55,1773.35,1775.0,-1.65,-0.093,15330.26,2727648.674,茅台
600519.SH,20230323,1766.0,1791.11,1765.01,1774.86,1773.35,1.51,0.0851,17355.66,3082821.551,茅台
600519.SH,20230324,1769.08,1783.6,1766.0,1778.62,1774.86,3.76,0.2118,12769.96,2269649.179,茅台
600519.SH,20230327,1778.6,1778.6,1756.0,1767.79,1778.62,-10.83,-0.6089,15295.55,2700755.933,茅台
600519.SH,20230328,1770.0,1790.0,1765.02,1781.8,1767.79,14.01,0.7925,17261.35,3073113.077,茅台
600519.SH,20230329,1799.0,1800.0,1785.07,1790.0,1781.8,8.2,0.4602,15392.99,2761909.333,茅台
600519.SH,20230330,1793.0,1805.0,1779.0,1800.0,1790.0,10.0,0.5587,19257.01,3453573.052,茅台
600519.SH,20230331,1825.0,1848.0,1819.0,1820.0,1800.0,20.0,1.1111,27446.33,5024790.356,茅台
600519.SH,20230403,1825.0,1827.77,1800.08,1802.07,1820.0,-17.93,-0.9852,21417.43,3875811.673,茅台
600519.SH,20230404,1812.0,1815.17,1787.0,1814.59,1802.07,12.52,0.6948,20066.26,3614275.263,茅台
600519.SH,20230406,1805.0,1815.9,1788.22,1796.96,1814.59,-17.63,-0.9716,14874.22,2676251.956,茅台
600519.SH,20230407,1795.0,1806.01,1788.34,1790.99,1796.96,-5.97,-0.3322,13524.68,2428160.574,茅台
600519.SH,20230410,1790.88,1790.88,1744.0,1771.7,1790.99,-19.29,-1.0771,29418.22,5171150.567,茅台
600519.SH,20230411,1793.0,1793.0,1744.0,1745.5,1771.7,-26.2,-1.4788,29209.19,5138854.627,茅台
600519.SH,20230412,1747.26,1750.0,1692.82,1694.1,1745.5,-51.4,-2.9447,51104.92,8732657.376,茅台
600519.SH,20230413,1690.0,1723.59,1684.01,1723.0,1694.1,28.9,1.7059,29542.68,5049310.126,茅台
600519.SH,20230414,1726.0,1733.0,1704.8,1713.42,1723.0,-9.58,-0.556,21231.62,3646526.766,茅台
600519.SH,20230417,1740.0,1753.0,1728.0,1753.0,1713.42,39.58,2.31,30467.23,5303401.395,茅台
600519.SH,20230418,1753.0,1769.0,1746.02,1758.0,1753.0,5.0,0.2852,18313.89,3220107.647,茅台
600519.SH,20230419,1762.0,1765.5,1750.0,1759.0,1758.0,1.0,0.0569,14600.56,2568632.845,茅台
600519.SH,20230420,1760.11,1765.0,1729.0,1741.88,1759.0,-17.12,-0.9733,19885.37,3468366.835,茅台
600519.SH,20230421,1746.0,1748.08,1721.28,1725.47,1741.88,-16.41,-0.9421,18517.87,3210937.222,茅台
600519.SH,20230424,1721.0,1722.0,1701.0,1705.0,1725.47,-20.47,-1.1863,20230.91,3456728.718,茅台
600519.SH,20230425,1706.0,1735.98,1702.0,1730.38,1705.0,25.38,1.4886,20582.51,3534989.917,茅台
600519.SH,20230426,1744.0,1761.0,1720.0,1743.91,1730.38,13.53,0.7819,27891.6,4861477.657,茅台
600519.SH,20230427,1748.0,1770.0,1730.0,1757.92,1743.91,14.01,0.8034,25605.04,4489906.864,茅台
600519.SH,20230428,1763.01,1782.77,1753.97,1760.52,1757.92,2.6,0.1479,26224.64,4636084.177,茅台
600519.SH,20230504,1769.0,1777.67,1736.0,1749.9,1760.52,-10.62,-0.6032,27466.42,4818999.65,茅台
600519.SH,20230505,1766.0,1766.0,1736.39,1750.0,1749.9,0.1,0.0057,20714.21,3621305.973,茅台
600519.SH,20230508,1768.32,1769.0,1717.17,1720.52,1750.0,-29.48,-1.6846,33171.26,5742915.994,茅台
600519.SH,20230509,1715.0,1739.98,1707.07,1722.0,1720.52,1.48,0.086,29377.96,5057346.564,茅台
600519.SH,20230510,1715.19,1736.0,1715.0,1725.0,1722.0,3.0,0.1742,20772.6,3588550.877,茅台
600519.SH,20230511,1731.0,1735.0,1715.0,1717.07,1725.0,-7.93,-0.4597,15246.12,2623835.905,茅台
600519.SH,20230512,1715.0,1729.88,1705.01,1706.4,1717.07,-10.67,-0.6214,19460.45,3335038.59,茅台
600519.SH,20230515,1702.0,1717.0,1691.2,1716.3,1706.4,9.9,0.5802,25740.18,4384647.977,茅台
600519.SH,20230516,1713.99,1719.99,1697.0,1703.29,1716.3,-13.01,-0.758,22223.77,3785811.907,茅台
600519.SH,20230517,1708.0,1713.0,1699.01,1701.0,1703.29,-2.29,-0.1344,16776.91,2858697.942,茅台
600519.SH,20230518,1704.99,1705.4,1690.0,1691.0,1701.0,-10.0,-0.5879,19219.28,3260170.684,茅台
600519.SH,20230519,1671.0,1704.33,1655.55,1699.5,1691.0,8.5,0.5027,26741.16,4504022.549,茅台
600519.SH,20230522,1690.01,1752.0,1690.0,1746.0,1699.5,46.5,2.7361,41284.32,7165754.129,茅台
600519.SH,20230523,1753.99,1754.0,1724.55,1724.55,1746.0,-21.45,-1.2285,16894.21,2934118.394,茅台
600519.SH,20230524,1732.33,1733.55,1710.11,1710.9,1724.55,-13.65,-0.7915,18479.27,3182416.491,茅台
600519.SH,20230525,1705.99,1710.0,1690.0,1701.0,1710.9,-9.9,-0.5786,22465.6,3814504.093,茅台
600519.SH,20230526,1702.0,1705.0,1675.01,1690.56,1701.0,-10.44,-0.6138,18291.1,3090691.546,茅台
600519.SH,20230529,1697.0,1698.35,1678.0,1689.0,1690.56,-1.56,-0.0923,17771.41,2998147.159,茅台
600519.SH,20230530,1689.0,1698.89,1658.56,1668.29,1689.0,-20.71,-1.2262,26453.4,4424706.688,茅台
600519.SH,20230531,1661.01,1665.72,1626.67,1628.9,1668.29,-39.39,-2.3611,36956.97,6053737.281,茅台
600519.SH,20230601,1618.0,1674.99,1618.0,1635.92,1628.9,7.02,0.431,28645.25,4708722.933,茅台
600519.SH,20230602,1645.0,1673.15,1636.11,1670.6,1635.92,34.68,2.1199,25058.02,4163116.244,茅台
600519.SH,20230605,1666.16,1682.88,1663.0,1665.0,1670.6,-5.6,-0.3352,16200.5,2704294.313,茅台
600519.SH,20230606,1670.0,1684.0,1651.55,1666.99,1665.0,1.99,0.1195,19913.92,3326778.183,茅台
600519.SH,20230607,1672.99,1678.8,1650.0,1650.9,1666.99,-16.09,-0.9652,17889.64,2971782.064,茅台
600519.SH,20230608,1655.83,1675.0,1650.01,1668.0,1650.9,17.1,1.0358,14702.72,2441569.677,茅台
600519.SH,20230609,1671.99,1677.97,1666.0,1666.0,1668.0,-2.0,-0.1199,17580.41,2938014.322,茅台
600519.SH,20230612,1666.02,1708.0,1661.52,1696.0,1666.0,30.0,1.8007,27029.44,4562308.599,茅台
600519.SH,20230613,1693.88,1704.61,1685.0,1699.0,1696.0,3.0,0.1769,14662.54,2485398.902,茅台
600519.SH,20230614,1719.0,1734.24,1706.21,1726.88,1699.0,27.88,1.641,31505.8,5438040.356,茅台
600519.SH,20230615,1730.34,1755.65,1723.0,1755.0,1726.88,28.12,1.6284,25222.57,4395900.802,茅台
600519.SH,20230616,1757.0,1800.0,1750.1,1797.69,1755.0,42.69,2.4325,37917.89,6742301.361,茅台
600519.SH,20230619,1790.0,1797.95,1738.0,1744.0,1797.69,-53.69,-2.9866,31699.92,5584248.725,茅台
600519.SH,20230620,1740.0,1765.0,1735.0,1743.46,1744.0,-0.54,-0.031,20946.74,3659824.529,茅台
600519.SH,20230621,1740.0,1756.6,1735.0,1735.83,1743.46,-7.63,-0.4376,17720.61,3088635.934,茅台
600519.SH,20230626,1720.11,1730.0,1695.0,1709.0,1735.83,-26.83,-1.5457,23992.68,4098619.51,茅台
600519.SH,20230627,1709.99,1719.7,1700.09,1711.05,1709.0,2.05,0.12,15174.46,2598138.744,茅台
600519.SH,20230628,1713.18,1734.0,1711.0,1728.38,1711.05,17.33,1.0128,18573.56,3199294.221,茅台
600519.SH,20230629,1731.0,1734.99,1713.01,1713.71,1728.38,-14.67,-0.8488,14231.16,2446524.134,茅台
600519.SH,20230630,1700.0,1708.99,1686.48,1691.0,1687.8,3.2,0.1896,20458.69,3472586.73,茅台
600519.SH,20230703,1699.0,1725.28,1692.0,1724.1,1691.0,33.1,1.9574,19139.09,3286737.792,茅台
600519.SH,20230704,1724.2,1734.44,1718.08,1730.6,1724.1,6.5,0.377,12472.38,2155553.635,茅台
600519.SH,20230705,1730.0,1731.97,1700.0,1715.38,1730.6,-15.22,-0.8795,14745.39,2523960.725,茅台
600519.SH,20230706,1709.16,1733.0,1700.0,1702.98,1715.38,-12.4,-0.7229,15140.62,2589459.002,茅台
600519.SH,20230707,1701.0,1708.99,1690.0,1690.03,1702.98,-12.95,-0.7604,15167.42,2571458.553,茅台
600519.SH,20230710,1705.0,1714.96,1700.0,1700.9,1690.03,10.87,0.6432,13477.41,2298241.728,茅台
600519.SH,20230711,1710.0,1715.17,1702.1,1710.0,1700.9,9.1,0.535,12582.7,2151079.27,茅台
600519.SH,20230712,1713.04,1723.0,1711.33,1713.8,1710.0,3.8,0.2222,13284.67,2280785.351,茅台
600519.SH,20230713,1721.99,1745.41,1719.01,1738.4,1713.8,24.6,1.4354,25806.54,4479772.5,茅台
600519.SH,20230714,1756.0,1758.5,1741.2,1753.0,1738.4,14.6,0.8399,18550.3,3245530.255,茅台
600519.SH,20230717,1751.0,1751.0,1726.6,1729.97,1753.0,-23.03,-1.3137,14336.48,2482069.846,茅台
600519.SH,20230718,1733.58,1734.51,1721.0,1722.8,1729.97,-7.17,-0.4145,14737.65,2544005.063,茅台
600519.SH,20230719,1715.01,1728.0,1713.8,1723.0,1722.8,0.2,0.0116,12483.22,2147704.435,茅台
600519.SH,20230720,1727.99,1748.98,1722.0,1724.0,1723.0,1.0,0.058,16692.65,2897176.49,茅台
600519.SH,20230721,1731.88,1772.5,1726.0,1771.3,1724.0,47.3,2.7436,39377.4,6931535.726,茅台
600519.SH,20230724,1750.52,1771.15,1750.52,1771.15,1771.3,-0.15,-0.0085,19713.37,3476648.177,茅台
600519.SH,20230725,1800.0,1828.88,1799.99,1828.55,1771.15,57.4,3.2408,43086.46,7837450.019,茅台
600519.SH,20230726,1828.55,1835.99,1815.08,1828.55,1828.55,0.0,0.0,19611.45,3580171.484,茅台
600519.SH,20230727,1836.0,1854.79,1828.7,1838.03,1828.55,9.48,0.5184,20340.43,3749635.29,茅台
600519.SH,20230728,1832.0,1900.0,1828.01,1897.0,1838.03,58.97,3.2083,39017.92,7330314.112,茅台
600519.SH,20230731,1908.0,1935.0,1874.0,1880.58,1897.0,-16.42,-0.8656,45378.61,8615279.839,茅台
600519.SH,20230801,1878.01,1906.95,1877.89,1889.0,1880.58,8.42,0.4477,19230.62,3635857.283,茅台
600519.SH,20230802,1883.4,1890.0,1866.8,1880.0,1889.0,-9.0,-0.4764,18508.72,3478674.239,茅台
600519.SH,20230803,1870.0,1890.0,1850.5,1878.47,1880.0,-1.53,-0.0814,21543.47,4031087.705,茅台
600519.SH,20230804,1887.82,1906.52,1882.0,1893.47,1878.47,15.0,0.7985,24573.64,4655813.751,茅台
600519.SH,20230807,1880.95,1898.0,1871.03,1887.93,1893.47,-5.54,-0.2926,23892.45,4491893.14,茅台
600519.SH,20230808,1880.03,1893.71,1864.08,1890.0,1887.93,2.07,0.1096,17736.18,3333559.505,茅台
600519.SH,20230809,1890.0,1905.0,1882.96,1890.28,1890.0,0.28,0.0148,18523.46,3506306.394,茅台
600519.SH,20230810,1882.0,1889.0,1862.3,1875.0,1890.28,-15.28,-0.8083,18436.19,3454219.14,茅台
600519.SH,20230811,1885.0,1885.4,1833.88,1834.0,1875.0,-41.0,-2.1867,26786.49,4959166.751,茅台
600519.SH,20230814,1810.0,1824.98,1796.0,1803.0,1834.0,-31.0,-1.6903,23731.19,4285362.053,茅台
600519.SH,20230815,1809.0,1818.0,1801.01,1812.98,1803.0,9.98,0.5535,14817.99,2682125.119,茅台
600519.SH,20230816,1807.58,1823.35,1806.0,1820.0,1812.98,7.02,0.3872,13184.31,2396261.791,茅台
600519.SH,20230817,1806.08,1834.0,1801.55,1828.05,1820.0,8.05,0.4423,17290.37,3141408.018,茅台
600519.SH,20230818,1831.99,1834.99,1802.59,1802.59,1828.05,-25.46,-1.3927,17023.34,3084761.577,茅台
600519.SH,20230821,1793.0,1813.99,1790.07,1791.0,1802.59,-11.59,-0.643,18911.81,3405415.645,茅台
600519.SH,20230822,1800.99,1802.56,1771.02,1788.0,1791.0,-3.0,-0.1675,26650.36,4763131.152,茅台
600519.SH,20230823,1797.0,1800.0,1770.08,1774.0,1788.0,-14.0,-0.783,19912.22,3556178.584,茅台
600519.SH,20230824,1779.62,1828.0,1775.0,1816.3,1774.0,42.3,2.3844,26055.09,4703417.6,茅台
600519.SH,20230825,1808.79,1837.77,1806.01,1824.98,1816.3,8.68,0.4779,18830.86,3433296.756,茅台
600519.SH,20230828,1898.58,1898.58,1831.88,1834.97,1824.98,9.99,0.5474,41052.13,7633221.012,茅台
600519.SH,20230829,1828.0,1869.08,1828.0,1851.33,1834.97,16.36,0.8916,28950.28,5371260.173,茅台
600519.SH,20230830,1867.9,1868.0,1843.66,1856.0,1851.33,4.67,0.2523,19811.81,3672570.26,茅台
600519.SH,20230831,1860.0,1860.0,1841.01,1847.0,1856.0,-9.0,-0.4849,14820.22,2738445.519,茅台
600519.SH,20230901,1852.83,1865.47,1846.03,1851.05,1847.0,4.05,0.2193,13145.19,2438622.738,茅台
600519.SH,20230904,1862.6,1879.94,1853.53,1866.0,1851.05,14.95,0.8076,23871.0,4453823.216,茅台
600519.SH,20230905,1868.0,1868.0,1856.8,1858.7,1866.0,-7.3,-0.3912,15658.74,2915625.961,茅台
600519.SH,20230906,1858.0,1866.66,1849.01,1861.0,1858.7,2.3,0.1237,11121.43,2067605.99,茅台
600519.SH,20230907,1852.6,1856.89,1831.19,1838.0,1861.0,-23.0,-1.2359,16981.57,3128587.116,茅台
600519.SH,20230908,1834.94,1834.94,1814.95,1818.5,1838.0,-19.5,-1.0609,12211.78,2224338.144,茅台
600519.SH,20230911,1808.0,1840.0,1808.0,1822.17,1818.5,3.67,0.2018,15926.0,2902617.736,茅台
600519.SH,20230912,1826.6,1826.98,1816.02,1819.96,1822.17,-2.21,-0.1213,12168.01,2214514.112,茅台
600519.SH,20230913,1829.92,1829.92,1800.05,1819.91,1819.96,-0.05,-0.0027,19501.43,3540583.633,茅台
600519.SH,20230914,1822.53,1826.98,1806.0,1818.69,1819.91,-1.22,-0.067,17504.59,3180447.848,茅台
600519.SH,20230915,1819.0,1819.78,1781.3,1781.99,1818.69,-36.7,-2.0179,28431.46,5105749.077,茅台
600519.SH,20230918,1776.31,1829.5,1773.0,1829.2,1781.99,47.21,2.6493,32558.92,5905121.0,茅台
600519.SH,20230919,1822.2,1829.0,1808.0,1826.94,1829.2,-2.26,-0.1236,14989.5,2727858.953,茅台
600519.SH,20230920,1822.0,1830.0,1818.05,1824.0,1826.94,-2.94,-0.1609,12501.78,2281583.949,茅台
600519.SH,20230921,1818.01,1822.0,1798.39,1798.39,1824.0,-25.61,-1.4041,19489.19,3521486.755,茅台
600519.SH,20230922,1805.63,1849.96,1792.41,1849.0,1798.39,50.61,2.8142,34390.46,6287832.575,茅台
600519.SH,20230925,1847.5,1848.0,1826.59,1832.38,1849.0,-16.62,-0.8989,13979.13,2565773.541,茅台
600519.SH,20230926,1828.0,1834.88,1813.1,1816.0,1832.38,-16.38,-0.8939,15761.96,2870852.363,茅台
600519.SH,20230927,1815.0,1833.5,1802.8,1814.0,1816.0,-2.0,-0.1101,20879.94,3791876.119,茅台
600519.SH,20230928,1824.98,1824.98,1797.8,1798.55,1814.0,-15.45,-0.8517,20537.84,3704812.96,茅台
600519.SH,20231009,1796.94,1796.94,1764.9,1777.0,1798.55,-21.55,-1.1982,29762.68,5279950.406,茅台
600519.SH,20231010,1782.89,1798.98,1768.0,1770.0,1777.0,-7.0,-0.3939,20283.92,3615557.182,茅台
600519.SH,20231011,1784.65,1784.65,1768.0,1778.5,1770.0,8.5,0.4802,21944.86,3896568.648,茅台
600519.SH,20231012,1797.9,1798.23,1777.2,1786.0,1778.5,7.5,0.4217,14865.07,2657095.942,茅台
600519.SH,20231013,1770.88,1778.01,1738.19,1751.0,1786.0,-35.0,-1.9597,25027.88,4387687.934,茅台
600519.SH,20231016,1750.98,1756.0,1722.45,1729.9,1751.0,-21.1,-1.205,20789.65,3603604.61,茅台
600519.SH,20231017,1739.0,1739.44,1716.0,1726.0,1729.9,-3.9,-0.2254,14945.23,2577312.288,茅台
600519.SH,20231018,1718.8,1742.0,1717.18,1728.0,1726.0,2.0,0.1159,20317.5,3511987.514,茅台
600519.SH,20231019,1700.0,1700.03,1626.03,1630.0,1728.0,-98.0,-5.6713,73492.37,12146921.769,茅台
600519.SH,20231020,1630.0,1655.0,1616.25,1645.0,1630.0,15.0,0.9202,45376.01,7421390.806,茅台
600519.SH,20231023,1629.97,1660.0,1621.6,1643.98,1645.0,-1.02,-0.062,25234.23,4138279.588,茅台
600519.SH,20231024,1648.0,1653.36,1621.21,1642.95,1643.98,-1.03,-0.0627,29861.46,4894807.617,茅台
600519.SH,20231025,1670.11,1698.0,1667.02,1677.5,1642.95,34.55,2.1029,36178.98,6075417.064,茅台
600519.SH,20231026,1667.0,1688.0,1662.01,1672.23,1677.5,-5.27,-0.3142,22386.35,3741418.874,茅台
600519.SH,20231027,1664.0,1691.88,1660.6,1676.71,1672.23,4.48,0.2679,34262.39,5754795.486,茅台
600519.SH,20231030,1669.0,1688.88,1669.0,1681.0,1676.71,4.29,0.2559,24086.42,4050573.178,茅台
600519.SH,20231031,1680.0,1690.0,1667.85,1684.58,1681.0,3.58,0.213,19858.77,3335804.699,茅台
600519.SH,20231101,1850.0,1850.0,1773.79,1780.99,1684.58,96.41,5.7231,93143.08,16747292.689,茅台
600519.SH,20231102,1795.0,1795.0,1776.06,1779.5,1780.99,-1.49,-0.0837,27907.64,4982090.753,茅台
600519.SH,20231103,1780.0,1814.89,1774.0,1811.24,1779.5,31.74,1.7836,30176.0,5433116.881,茅台
600519.SH,20231106,1820.0,1823.79,1801.12,1812.0,1811.24,0.76,0.042,25523.92,4624102.375,茅台
600519.SH,20231107,1805.0,1810.0,1784.08,1791.17,1812.0,-20.83,-1.1496,19581.59,3511590.028,茅台
600519.SH,20231108,1784.05,1803.8,1782.87,1798.34,1791.17,7.17,0.4003,14545.67,2610041.959,茅台
600519.SH,20231109,1790.11,1799.0,1783.0,1794.11,1798.34,-4.23,-0.2352,12800.48,2291996.819,茅台
600519.SH,20231110,1780.55,1788.0,1773.1,1775.84,1794.11,-18.27,-1.0183,16465.57,2928380.668,茅台
600519.SH,20231113,1772.28,1784.88,1756.98,1764.0,1775.84,-11.84,-0.6667,18369.95,3244573.621,茅台
600519.SH,20231114,1764.0,1774.99,1760.01,1765.27,1764.0,1.27,0.072,12816.75,2263963.957,茅台
600519.SH,20231115,1779.0,1782.89,1767.0,1772.93,1765.27,7.66,0.4339,18434.86,3271230.275,茅台
600519.SH,20231116,1774.0,1776.0,1760.05,1760.05,1772.93,-12.88,-0.7265,12557.57,2215937.273,茅台
600519.SH,20231117,1752.0,1759.0,1737.9,1753.42,1760.05,-6.63,-0.3767,21713.63,3793781.119,茅台
600519.SH,20231120,1755.0,1769.5,1736.66,1762.5,1753.42,9.08,0.5178,18608.04,3265514.01,茅台
600519.SH,20231121,1783.42,1798.0,1770.1,1790.0,1762.5,27.5,1.5603,30098.45,5383107.81,茅台
600519.SH,20231122,1783.3,1794.35,1780.54,1781.51,1790.0,-8.49,-0.4743,12664.57,2263460.167,茅台
600519.SH,20231123,1778.3,1788.0,1771.0,1786.0,1781.51,4.49,0.252,11549.64,2055272.193,茅台
600519.SH,20231124,1789.0,1789.0,1775.0,1777.0,1786.0,-9.0,-0.5039,13085.4,2329345.658,茅台
600519.SH,20231127,1773.3,1773.3,1755.0,1763.0,1777.0,-14.0,-0.7878,16260.74,2865075.217,茅台
600519.SH,20231128,1761.0,1773.88,1758.0,1769.04,1763.0,6.04,0.3426,14519.76,2562905.659,茅台
600519.SH,20231129,1768.0,1776.0,1758.0,1774.71,1769.04,5.67,0.3205,17149.33,3034175.614,茅台
600519.SH,20231130,1776.72,1794.76,1771.08,1791.5,1774.71,16.79,0.9461,21353.42,3817513.545,茅台
600519.SH,20231201,1789.31,1789.7,1748.0,1760.28,1791.5,-31.22,-1.7427,33051.31,5830850.111,茅台
600519.SH,20231204,1760.28,1761.83,1745.28,1750.71,1760.28,-9.57,-0.5437,18440.47,3233102.118,茅台
600519.SH,20231205,1748.78,1748.88,1708.02,1709.0,1750.71,-41.71,-2.3825,29903.01,5168983.317,茅台
600519.SH,20231206,1702.63,1719.47,1701.13,1703.0,1709.0,-6.0,-0.3511,23851.29,4078003.022,茅台
600519.SH,20231207,1704.0,1709.08,1687.3,1700.0,1703.0,-3.0,-0.1762,25041.5,4249170.906,茅台
600519.SH,20231208,1700.0,1708.84,1692.22,1704.92,1700.0,4.92,0.2894,26288.01,4474160.126,茅台
600519.SH,20231211,1690.0,1704.0,1657.0,1698.0,1704.92,-6.92,-0.4059,36830.98,6172810.248,茅台
600519.SH,20231212,1687.6,1709.99,1684.0,1709.99,1698.0,11.99,0.7061,21010.66,3564305.866,茅台
600519.SH,20231213,1705.22,1705.72,1657.08,1660.0,1709.99,-49.99,-2.9234,38788.7,6480807.5,茅台
600519.SH,20231214,1665.96,1669.87,1635.02,1635.9,1660.0,-24.1,-1.4518,40672.15,6703240.107,茅台
600519.SH,20231215,1648.23,1677.77,1644.01,1645.0,1635.9,9.1,0.5563,37092.51,6140791.726,茅台
600519.SH,20231218,1640.0,1663.33,1635.0,1662.0,1645.0,17.0,1.0334,19897.34,3292194.757,茅台
600519.SH,20231219,1665.0,1679.87,1645.09,1675.0,1662.0,13.0,0.7822,22206.76,3706057.587,茅台
600519.SH,20231220,1658.0,1660.0,1643.0,1649.79,1655.89,-6.1,-0.3684,23092.03,3816133.219,茅台
600519.SH,20231221,1640.01,1672.32,1640.01,1670.0,1649.79,20.21,1.225,29011.68,4827827.888,茅台
600519.SH,20231222,1669.7,1679.1,1658.01,1670.65,1670.0,0.65,0.0389,21666.84,3613238.325,茅台
600519.SH,20231225,1671.0,1678.6,1668.0,1672.0,1670.65,1.35,0.0808,12471.06,2086014.39,茅台
600519.SH,20231226,1672.5,1674.9,1657.5,1670.0,1672.0,-2.0,-0.1196,14771.26,2457177.339,茅台
600519.SH,20231227,1668.0,1677.15,1661.0,1667.06,1670.0,-2.94,-0.176,16055.5,2679221.365,茅台
600519.SH,20231228,1670.99,1727.99,1667.06,1724.99,1667.06,57.93,3.475,38338.06,6537401.38,茅台
600519.SH,20231229,1720.0,1749.58,1720.0,1726.0,1724.99,1.01,0.0586,27538.68,4768857.531,茅台
600519.SH,20240102,1715.0,1718.19,1678.1,1685.01,1726.0,-40.99,-2.3749,32156.44,5440082.548,茅台
600519.SH,20240103,1681.11,1695.22,1676.33,1694.0,1685.01,8.99,0.5335,20229.29,3411400.667,茅台
600519.SH,20240104,1693.0,1693.0,1662.93,1669.0,1694.0,-25.0,-1.4758,21551.07,3603970.147,茅台
600519.SH,20240105,1661.33,1678.66,1652.11,1663.36,1669.0,-5.64,-0.3379,20242.86,3373155.627,茅台
600519.SH,20240108,1661.0,1662.0,1640.01,1643.99,1663.36,-19.37,-1.1645,25586.2,4211918.629,茅台
600519.SH,20240109,1641.01,1652.32,1635.07,1641.0,1643.99,-2.99,-0.1819,24412.04,4009826.496,茅台
600519.SH,20240110,1641.1,1659.46,1638.0,1641.5,1641.0,0.5,0.0305,17350.67,2856120.718,茅台
600519.SH,20240111,1640.1,1657.94,1638.06,1646.57,1641.5,5.07,0.3089,16440.55,2708764.5,茅台
600519.SH,20240112,1639.97,1651.26,1639.4,1643.06,1646.57,-3.51,-0.2132,11603.24,1908084.612,茅台
600519.SH,20240115,1635.0,1654.97,1634.45,1640.0,1643.06,-3.06,-0.1862,17854.03,2931202.343,茅台
600519.SH,20240116,1638.5,1647.0,1624.94,1639.43,1640.0,-0.57,-0.0348,25903.14,4236042.96,茅台
600519.SH,20240117,1630.0,1635.48,1577.0,1577.0,1639.43,-62.43,-3.808,51632.76,8251735.591,茅台
600519.SH,20240118,1574.0,1612.8,1555.55,1610.87,1577.0,33.87,2.1477,60439.81,9566349.514,茅台
600519.SH,20240119,1608.87,1638.01,1600.88,1635.0,1610.87,24.13,1.4979,46378.43,7550144.389,茅台
600519.SH,20240122,1629.0,1643.0,1618.88,1642.0,1635.0,7.0,0.4281,46945.89,7678297.836,茅台
600519.SH,20240123,1632.01,1639.95,1609.0,1619.0,1642.0,-23.0,-1.4007,34834.9,5659457.115,茅台
600519.SH,20240124,1629.0,1633.84,1603.56,1626.0,1619.0,7.0,0.4324,33216.35,5373603.703,茅台
600519.SH,20240125,1626.82,1641.0,1622.0,1638.0,1626.0,12.0,0.738,31205.8,5094508.165,茅台
600519.SH,20240126,1630.36,1644.1,1623.0,1637.32,1638.0,-0.68,-0.0415,26954.75,4402111.882,茅台
600519.SH,20240129,1640.3,1660.58,1640.29,1650.0,1637.32,12.68,0.7744,31420.68,5189014.946,茅台
600519.SH,20240130,1649.98,1649.98,1610.0,1613.0,1650.0,-37.0,-2.2424,30866.33,5010784.454,茅台
600519.SH,20240131,1613.0,1619.97,1598.13,1604.91,1613.0,-8.09,-0.5015,29649.12,4770104.891,茅台
600519.SH,20240201,1605.5,1623.89,1601.0,1610.03,1604.91,5.12,0.319,26485.15,4272298.576,茅台
600519.SH,20240202,1615.0,1627.78,1581.0,1596.0,1610.03,-14.03,-0.8714,39382.02,6336691.194,茅台
600519.SH,20240205,1596.0,1637.44,1595.25,1630.01,1596.0,34.01,2.131,53130.36,8590683.071,茅台
600519.SH,20240206,1630.01,1685.48,1626.1,1676.0,1630.01,45.99,2.8215,52472.04,8740646.588,茅台
600519.SH,20240207,1681.03,1714.59,1661.61,1710.99,1676.0,34.99,2.0877,52601.07,8899606.867,茅台
600519.SH,20240208,1720.01,1725.0,1685.0,1706.0,1710.99,-4.99,-0.2916,46756.54,7953438.044,茅台
600519.SH,20240219,1737.87,1737.93,1688.0,1695.43,1706.0,-10.57,-0.6196,36977.44,6288277.98,茅台
600519.SH,20240220,1697.36,1697.36,1656.56,1670.0,1695.43,-25.43,-1.4999,34470.07,5755266.893,茅台
600519.SH,20240221,1666.02,1731.0,1662.0,1717.66,1670.0,47.66,2.8539,46154.07,7868784.082,茅台
600519.SH,20240222,1707.5,1723.01,1700.53,1718.38,1717.66,0.72,0.0419,22793.61,3905984.695,茅台
600519.SH,20240223,1711.11,1724.38,1700.02,1714.09,1718.38,-4.29,-0.2497,27305.89,4670706.95,茅台
600519.SH,20240226,1708.0,1708.74,1685.02,1694.98,1714.09,-19.11,-1.1149,27318.32,4625594.409,茅台
600519.SH,20240227,1683.0,1692.92,1678.0,1689.5,1694.98,-5.48,-0.3233,22079.85,3718478.358,茅台
600519.SH,20240228,1688.92,1696.57,1674.01,1681.55,1689.5,-7.95,-0.4706,31867.31,5371312.847,茅台
600519.SH,20240229,1681.55,1696.5,1679.2,1695.0,1681.55,13.45,0.7999,24758.33,4184917.973,茅台
600519.SH,20240301,1690.0,1694.97,1676.68,1685.06,1695.0,-9.94,-0.5864,26867.96,4526845.398,茅台
600519.SH,20240304,1679.0,1680.99,1670.05,1676.3,1685.06,-8.76,-0.5199,26484.77,4434401.015,茅台
600519.SH,20240305,1670.81,1697.0,1666.68,1695.1,1676.3,18.8,1.1215,36238.37,6102136.582,茅台
600519.SH,20240306,1691.0,1695.0,1678.02,1680.55,1695.1,-14.55,-0.8584,22142.48,3725582.802,茅台
600519.SH,20240307,1680.0,1689.8,1678.0,1683.63,1680.55,3.08,0.1833,21599.12,3633934.774,茅台
600519.SH,20240308,1680.56,1686.68,1670.05,1671.43,1683.63,-12.2,-0.7246,22156.23,3710678.522,茅台
600519.SH,20240311,1675.0,1698.88,1673.18,1694.49,1671.43,23.06,1.3797,29895.09,5048394.347,茅台
600519.SH,20240312,1693.94,1749.1,1690.5,1745.0,1694.49,50.51,2.9808,54226.54,9393309.052,茅台
600519.SH,20240313,1739.97,1748.0,1720.1,1727.45,1745.0,-17.55,-1.0057,26499.54,4588879.42,茅台
600519.SH,20240314,1719.0,1734.84,1711.5,1716.63,1727.45,-10.82,-0.6264,19404.79,3338768.308,茅台
600519.SH,20240315,1712.5,1732.4,1712.0,1717.49,1716.63,0.86,0.0501,17833.58,3066692.399,茅台
600519.SH,20240318,1715.0,1719.85,1699.0,1708.26,1717.49,-9.23,-0.5374,26055.01,4446059.13,茅台
600519.SH,20240319,1703.0,1719.94,1693.11,1708.02,1708.26,-0.24,-0.014,23947.53,4093701.261,茅台
600519.SH,20240320,1703.36,1713.68,1700.23,1709.6,1708.02,1.58,0.0925,15249.25,2604543.856,茅台
600519.SH,20240321,1708.1,1719.0,1704.5,1709.0,1709.6,-0.6,-0.0351,16595.97,2839332.631,茅台
600519.SH,20240322,1705.03,1708.99,1688.0,1701.35,1709.0,-7.65,-0.4476,25456.14,4318592.818,茅台
600519.SH,20240325,1698.54,1698.77,1680.58,1689.01,1701.35,-12.34,-0.7253,24472.85,4131446.237,茅台
600519.SH,20240326,1687.46,1712.8,1687.46,1709.29,1689.01,20.28,1.2007,28069.07,4782899.074,茅台
600519.SH,20240327,1705.0,1712.0,1699.0,1701.0,1709.29,-8.29,-0.485,18112.58,3087792.98,茅台
600519.SH,20240328,1695.0,1718.0,1693.2,1701.64,1701.0,0.64,0.0376,24642.18,4201857.059,茅台
600519.SH,20240329,1701.64,1710.99,1698.1,1702.9,1701.64,1.26,0.074,13456.55,2290584.417,茅台
600519.SH,20240401,1709.99,1734.0,1708.7,1721.33,1702.9,18.43,1.0823,27131.37,4679371.035,茅台
600519.SH,20240402,1722.0,1724.99,1705.05,1713.99,1721.33,-7.34,-0.4264,25449.25,4360973.684,茅台
600519.SH,20240403,1734.0,1739.44,1710.02,1715.11,1713.99,1.12,0.0653,29045.8,5002390.042,茅台
600519.SH,20240408,1695.0,1696.0,1662.6,1666.66,1715.11,-48.45,-2.8249,59166.59,9907355.766,茅台
600519.SH,20240409,1660.67,1673.0,1658.45,1662.22,1666.66,-4.44,-0.2664,25589.82,4256226.333,茅台
600519.SH,20240410,1662.27,1664.99,1645.0,1647.98,1662.22,-14.24,-0.8567,27630.5,4562853.88,茅台
600519.SH,20240411,1640.11,1650.0,1634.69,1648.0,1647.98,0.02,0.0012,22766.24,3736417.595,茅台
600519.SH,20240412,1651.0,1664.0,1634.03,1634.03,1648.0,-13.97,-0.8477,26744.33,4403968.129,茅台
600519.SH,20240415,1635.01,1675.61,1634.98,1672.98,1634.03,38.95,2.3837,35817.71,5960815.532,茅台
600519.SH,20240416,1665.49,1679.56,1659.0,1670.0,1672.98,-2.98,-0.1781,26266.23,4382796.962,茅台
600519.SH,20240417,1668.0,1675.2,1658.0,1667.0,1670.0,-3.0,-0.1796,24819.11,4130322.018,茅台
600519.SH,20240418,1659.01,1682.98,1658.18,1670.78,1667.0,3.78,0.2268,26568.41,4445487.745,茅台
600519.SH,20240419,1660.78,1668.5,1641.28,1646.64,1670.78,-24.14,-1.4448,23499.92,3879233.242,茅台
600519.SH,20240422,1654.0,1678.88,1645.0,1675.06,1646.64,28.42,1.7259,29951.39,5001684.635,茅台
600519.SH,20240423,1675.0,1695.0,1675.0,1692.28,1675.06,17.22,1.028,24979.95,4217855.279,茅台
600519.SH,20240424,1696.98,1699.91,1683.33,1693.6,1692.28,1.32,0.078,17086.43,2893555.635,茅台
600519.SH,20240425,1690.33,1695.6,1682.25,1693.04,1693.6,-0.56,-0.0331,14476.48,2447183.879,茅台
600519.SH,20240426,1694.0,1714.0,1693.98,1709.43,1693.04,16.39,0.9681,30995.92,5290248.521,茅台
600519.SH,20240429,1696.95,1728.0,1693.82,1704.0,1709.43,-5.43,-0.3176,41332.23,7072096.59,茅台
600519.SH,20240430,1705.01,1729.88,1705.0,1705.0,1704.0,1.0,0.0587,30759.89,5273902.374,茅台
600519.SH,20240506,1733.97,1765.0,1727.0,1760.2,1705.0,55.2,3.2375,59909.49,10504351.712,茅台
600519.SH,20240507,1765.79,1777.8,1756.68,1770.0,1760.2,9.8,0.5568,24924.52,4413196.426,茅台
600519.SH,20240508,1769.69,1769.97,1755.67,1763.97,1770.0,-6.03,-0.3407,14769.09,2603293.863,茅台
600519.SH,20240509,1758.0,1764.98,1750.0,1756.0,1763.97,-7.97,-0.4518,22387.34,3929804.849,茅台
600519.SH,20240510,1761.1,1767.88,1733.99,1738.98,1756.0,-17.02,-0.9692,26206.61,4571398.242,茅台
600519.SH,20240513,1732.02,1732.66,1701.22,1706.0,1738.98,-32.98,-1.8965,37662.12,6435415.674,茅台
600519.SH,20240514,1705.99,1713.27,1700.01,1701.98,1706.0,-4.02,-0.2356,21274.17,3623282.672,茅台
600519.SH,20240515,1702.58,1708.0,1698.59,1700.0,1701.98,-1.98,-0.1163,15738.76,2677203.002,茅台
600519.SH,20240516,1705.0,1709.88,1690.0,1704.5,1700.0,4.5,0.2647,29679.54,5048754.769,茅台
600519.SH,20240517,1700.01,1716.58,1700.0,1715.0,1704.5,10.5,0.616,28923.88,4936920.634,茅台
600519.SH,20240520,1717.99,1732.99,1708.11,1709.0,1715.0,-6.0,-0.3499,31425.72,5401389.335,茅台
600519.SH,20240521,1708.0,1709.73,1698.16,1705.0,1709.0,-4.0,-0.2341,16293.39,2776847.499,茅台
600519.SH,20240522,1703.0,1709.96,1691.0,1697.71,1705.0,-7.29,-0.4276,20285.68,3443977.767,茅台
600519.SH,20240523,1700.0,1706.38,1690.08,1692.01,1697.71,-5.7,-0.3357,18884.97,3199923.32,茅台
600519.SH,20240524,1693.0,1695.0,1677.0,1677.08,1692.01,-14.93,-0.8824,20216.63,3401323.915,茅台
600519.SH,20240527,1678.0,1687.45,1668.01,1670.12,1677.08,-6.96,-0.415,25097.91,4199001.866,茅台
600519.SH,20240528,1670.4,1675.17,1663.0,1664.64,1670.12,-5.48,-0.3281,23520.87,3923020.375,茅台
600519.SH,20240529,1666.0,1680.0,1665.0,1674.0,1664.64,9.36,0.5623,19651.28,3289173.345,茅台
600519.SH,20240530,1675.0,1675.38,1649.0,1649.0,1674.0,-25.0,-1.4934,32207.92,5333306.808,茅台
600519.SH,20240531,1650.5,1663.5,1648.45,1648.45,1649.0,-0.55,-0.0334,21856.65,3617654.788,茅台
600519.SH,20240603,1650.0,1650.92,1635.11,1639.39,1648.45,-9.06,-0.5496,30261.05,4966041.477,茅台
600519.SH,20240604,1640.5,1656.0,1636.55,1653.2,1639.39,13.81,0.8424,20841.08,3432497.303,茅台
600519.SH,20240605,1652.0,1658.68,1643.03,1644.0,1653.2,-9.2,-0.5565,19055.57,3140824.328,茅台
600519.SH,20240606,1643.66,1651.99,1635.91,1639.81,1644.0,-4.19,-0.2549,25610.05,4205700.983,茅台
600519.SH,20240607,1646.13,1646.18,1619.01,1619.18,1639.81,-20.63,-1.2581,33524.55,5453120.695,茅台
600519.SH,20240611,1602.99,1605.0,1567.0,1569.0,1619.18,-50.18,-3.0991,70246.76,11090577.61,茅台
600519.SH,20240612,1570.0,1590.0,1570.0,1571.68,1569.0,2.68,0.1708,33170.5,5230086.503,茅台
600519.SH,20240613,1576.77,1576.89,1553.15,1555.01,1571.68,-16.67,-1.0606,36185.97,5654938.942,茅台
600519.SH,20240614,1555.0,1563.96,1520.46,1555.0,1555.01,-0.01,-0.0006,59514.16,9177637.168,茅台
600519.SH,20240617,1532.29,1548.77,1511.01,1541.5,1555.0,-13.5,-0.8682,48318.16,7400883.243,茅台
600519.SH,20240618,1530.89,1554.54,1516.68,1521.5,1541.5,-20.0,-1.2974,41258.25,6317590.943,茅台
600519.SH,20240619,1497.99,1504.0,1482.1,1501.0,1490.62,10.38,0.6964,41261.53,6167728.416,茅台
600519.SH,20240620,1500.0,1516.01,1498.0,1500.1,1501.0,-0.9,-0.06,24710.68,3715924.984,茅台
600519.SH,20240621,1500.5,1504.98,1470.22,1471.0,1500.1,-29.1,-1.9399,43319.97,6418543.742,茅台
600519.SH,20240624,1423.0,1488.99,1414.01,1476.55,1471.0,5.55,0.3773,63839.93,9319362.39,茅台
600519.SH,20240625,1477.0,1502.99,1477.0,1486.65,1476.55,10.1,0.684,42097.95,6273919.386,茅台
600519.SH,20240626,1480.0,1501.07,1477.8,1489.22,1486.65,2.57,0.1729,29569.77,4414601.922,茅台
600519.SH,20240627,1492.0,1493.97,1468.0,1490.49,1489.22,1.27,0.0853,32821.78,4857959.457,茅台
600519.SH,20240628,1480.0,1494.49,1464.0,1467.39,1490.49,-23.1,-1.5498,38582.02,5699649.047,茅台
600519.SH,20240701,1468.88,1472.99,1428.0,1440.38,1467.39,-27.01,-1.8407,32161.38,4636689.118,茅台
600519.SH,20240702,1433.0,1498.0,1433.0,1490.7,1440.38,50.32,3.4935,51852.98,7659166.816,茅台
600519.SH,20240703,1499.0,1513.01,1488.02,1500.0,1490.7,9.3,0.6239,31573.26,4740808.13,茅台
600519.SH,20240704,1505.0,1512.0,1481.13,1485.74,1500.0,-14.26,-0.9507,24379.73,3637968.895,茅台
600519.SH,20240705,1479.0,1493.18,1450.0,1453.0,1485.74,-32.74,-2.2036,38829.38,5664477.336,茅台
600519.SH,20240708,1443.0,1457.77,1419.14,1420.0,1453.0,-33.0,-2.2712,39527.05,5657951.348,茅台
600519.SH,20240709,1420.0,1454.89,1410.1,1438.03,1420.0,18.03,1.2697,33620.71,4807957.927,茅台
600519.SH,20240710,1439.25,1465.88,1435.0,1437.59,1438.03,-0.44,-0.0306,23763.22,3436693.365,茅台
600519.SH,20240711,1449.97,1469.0,1440.21,1462.09,1437.59,24.5,1.7042,29020.14,4236960.596,茅台
600519.SH,20240712,1473.01,1486.4,1465.45,1478.82,1462.09,16.73,1.1443,23386.34,3451132.648,茅台
600519.SH,20240715,1470.0,1488.0,1470.0,1474.9,1478.82,-3.92,-0.2651,19176.26,2835374.73,茅台
600519.SH,20240716,1476.0,1482.0,1465.05,1476.0,1474.9,1.1,0.0746,20316.44,2998367.128,茅台
600519.SH,20240717,1476.1,1503.0,1470.02,1501.4,1476.0,25.4,1.7209,34311.01,5115680.654,茅台
600519.SH,20240718,1499.5,1515.0,1492.53,1497.51,1501.4,-3.89,-0.2591,28870.39,4337214.601,茅台
600519.SH,20240719,1490.81,1529.18,1484.01,1525.62,1497.51,28.11,1.8771,38942.91,5888615.145,茅台
600519.SH,20240722,1525.03,1529.98,1491.65,1499.0,1525.62,-26.62,-1.7449,28543.21,4300813.31,茅台
600519.SH,20240723,1499.0,1501.0,1455.0,1455.0,1499.0,-44.0,-2.9353,30943.96,4555460.198,茅台
600519.SH,20240724,1450.2,1463.7,1435.0,1440.02,1455.0,-14.98,-1.0296,24122.55,3490200.973,茅台
600519.SH,20240725,1440.02,1448.0,1420.01,1430.49,1440.02,-9.53,-0.6618,28346.56,4054086.714,茅台
600519.SH,20240726,1430.49,1437.72,1410.9,1422.19,1430.49,-8.3,-0.5802,32353.79,4594928.574,茅台
600519.SH,20240729,1415.0,1421.99,1398.0,1398.02,1422.19,-24.17,-1.6995,30869.07,4342610.1,茅台
600519.SH,20240730,1385.98,1390.27,1361.3,1379.99,1398.02,-18.03,-1.2897,51779.04,7103491.566,茅台
600519.SH,20240731,1373.1,1427.27,1373.1,1421.28,1379.99,41.29,2.9921,43272.32,6098149.721,茅台
600519.SH,20240801,1418.0,1420.0,1384.7,1386.16,1421.28,-35.12,-2.471,32038.1,4470988.088,茅台
600519.SH,20240802,1373.6,1396.97,1373.6,1385.45,1386.16,-0.71,-0.0512,21927.69,3041726.372,茅台
600519.SH,20240805,1388.88,1426.0,1385.52,1410.01,1385.45,24.56,1.7727,37736.07,5327127.147,茅台
600519.SH,20240806,1422.0,1424.0,1394.01,1404.7,1410.01,-5.31,-0.3766,27444.33,3860735.014,茅台
600519.SH,20240807,1405.5,1421.99,1398.3,1415.5,1404.7,10.8,0.7688,20622.21,2910580.747,茅台
600519.SH,20240808,1411.0,1448.18,1409.0,1430.69,1415.5,15.19,1.0731,25130.82,3592705.43,茅台
600519.SH,20240809,1460.03,1469.0,1436.8,1436.8,1430.69,6.11,0.4271,30138.49,4368705.515,茅台
600519.SH,20240812,1430.0,1443.0,1426.58,1436.1,1436.8,-0.7,-0.0487,13632.03,1956573.438,茅台
600519.SH,20240813,1433.0,1435.0,1412.01,1423.01,1436.1,-13.09,-0.9115,16308.43,2317037.756,茅台
600519.SH,20240814,1423.01,1424.9,1412.02,1413.3,1423.01,-9.71,-0.6824,13414.31,1898377.426,茅台
600519.SH,20240815,1405.03,1435.99,1403.95,1426.89,1413.3,13.59,0.9616,23038.97,3275699.572,茅台
600519.SH,20240816,1426.79,1435.92,1417.01,1431.2,1426.89,4.31,0.3021,16454.7,2349825.846,茅台
600519.SH,20240819,1432.0,1458.88,1425.0,1425.44,1431.2,-5.76,-0.4025,20432.79,2942106.435,茅台
600519.SH,20240820,1429.9,1429.93,1414.0,1422.72,1425.44,-2.72,-0.1908,18591.38,2644814.344,茅台
600519.SH,20240821,1420.0,1427.98,1415.69,1417.58,1422.72,-5.14,-0.3613,15091.65,2144746.551,茅台
600519.SH,20240822,1416.0,1420.0,1400.01,1410.05,1417.58,-7.53,-0.5312,19527.29,2750868.073,茅台
600519.SH,20240823,1408.0,1423.5,1406.12,1414.99,1410.05,4.94,0.3503,15320.46,2166499.202,茅台
600519.SH,20240826,1417.0,1423.86,1403.15,1412.0,1414.99,-2.99,-0.2113,15628.41,2207595.461,茅台
600519.SH,20240827,1412.0,1413.0,1401.11,1404.07,1412.0,-7.93,-0.5616,13657.4,1920770.57,茅台
600519.SH,20240828,1404.07,1406.0,1375.0,1389.0,1404.07,-15.07,-1.0733,31663.51,4388025.875,茅台
600519.SH,20240829,1380.0,1418.0,1380.0,1413.3,1389.0,24.3,1.7495,27471.61,3864270.621,茅台
600519.SH,20240830,1413.0,1458.07,1405.0,1443.19,1413.3,29.89,2.1149,38739.23,5576118.649,茅台
600519.SH,20240902,1430.0,1438.0,1395.0,1395.0,1443.19,-48.19,-3.3391,34134.59,4801049.927,茅台
600519.SH,20240903,1398.0,1414.98,1393.02,1410.0,1395.0,15.0,1.0753,17887.6,2516125.842,茅台
600519.SH,20240904,1402.0,1419.19,1399.74,1400.0,1410.0,-10.0,-0.7092,14211.09,1995221.417,茅台
600519.SH,20240905,1400.5,1407.0,1397.0,1404.88,1400.0,4.88,0.3486,14502.95,2033680.839,茅台
600519.SH,20240906,1405.0,1406.0,1398.0,1398.0,1404.88,-6.88,-0.4897,10321.04,1445537.257,茅台
600519.SH,20240909,1380.01,1393.71,1370.08,1375.0,1398.0,-23.0,-1.6452,28637.55,3950086.825,茅台
600519.SH,20240910,1370.02,1393.0,1370.02,1378.0,1375.0,3.0,0.2182,19802.84,2737295.644,茅台
600519.SH,20240911,1375.6,1385.88,1365.0,1380.0,1378.0,2.0,0.1451,20995.77,2892932.794,茅台
600519.SH,20240912,1380.0,1385.0,1334.91,1335.06,1380.0,-44.94,-3.2565,47948.31,6482445.0,茅台
600519.SH,20240913,1331.0,1332.0,1297.3,1304.13,1335.06,-30.93,-2.3167,56005.11,7329376.917,茅台
600519.SH,20240918,1300.0,1300.01,1266.66,1266.9,1304.13,-37.23,-2.8548,46185.31,5895948.011,茅台
600519.SH,20240919,1262.0,1292.88,1245.83,1261.0,1266.9,-5.9,-0.4657,59988.21,7623739.997,茅台
600519.SH,20240920,1261.5,1273.9,1250.03,1263.92,1261.0,2.92,0.2316,39981.84,5038507.835,茅台
600519.SH,20240923,1268.0,1293.5,1260.66,1261.54,1263.92,-2.38,-0.1883,45549.69,5809791.682,茅台
600519.SH,20240924,1285.09,1373.0,1265.09,1372.6,1261.54,111.06,8.8035,100412.81,13297277.523,茅台
600519.SH,20240925,1400.05,1427.0,1396.71,1399.0,1372.6,26.4,1.9234,73953.8,10420109.655,茅台
600519.SH,20240926,1399.96,1529.87,1396.0,1529.0,1399.0,130.0,9.2924,97278.06,14269262.657,茅台
600519.SH,20240927,1600.0,1629.2,1565.36,1629.2,1529.0,100.2,6.5533,87921.67,14050260.569,茅台
600519.SH,20240930,1692.0,1759.88,1652.0,1748.0,1629.2,118.8,7.2919,157293.41,26982747.037,茅台
600519.SH,20241008,1910.0,1910.0,1680.18,1723.0,1748.0,-25.0,-1.4302,194709.47,35114075.007,茅台
600519.SH,20241009,1700.0,1700.0,1590.0,1595.15,1723.0,-127.85,-7.4202,120196.84,19708432.734,茅台
600519.SH,20241010,1622.26,1668.08,1591.0,1640.0,1595.15,44.85,2.8116,74603.42,12198964.035,茅台
600519.SH,20241011,1615.4,1639.96,1590.0,1604.99,1640.0,-35.01,-2.1348,41914.71,6764982.707,茅台
600519.SH,20241014,1613.0,1620.63,1581.17,1601.99,1604.99,-3.0,-0.1869,44812.02,7181350.822,茅台
600519.SH,20241015,1599.0,1600.99,1553.01,1554.25,1601.99,-47.74,-2.98,43571.43,6884141.869,茅台
600519.SH,20241016,1540.88,1549.8,1510.0,1522.5,1554.25,-31.75,-2.0428,46664.4,7140169.692,茅台
600519.SH,20241017,1537.0,1537.66,1493.41,1494.6,1522.5,-27.9,-1.8325,39459.55,5964778.958,茅台
600519.SH,20241018,1493.0,1567.84,1478.96,1541.0,1494.6,46.4,3.1045,68619.3,10418043.492,茅台
600519.SH,20241021,1541.21,1549.97,1521.21,1528.8,1541.0,-12.2,-0.7917,42007.9,6433918.335,茅台
600519.SH,20241022,1526.56,1560.18,1524.2,1543.0,1528.8,14.2,0.9288,36269.13,5607826.492,茅台
600519.SH,20241023,1544.11,1576.95,1532.0,1567.5,1543.0,24.5,1.5878,40088.46,6259600.035,茅台
600519.SH,20241024,1561.0,1575.0,1545.01,1552.2,1567.5,-15.3,-0.9761,23922.8,3723973.209,茅台
600519.SH,20241025,1547.0,1574.79,1546.01,1558.85,1552.2,6.65,0.4284,27745.08,4328271.351,茅台
600519.SH,20241028,1560.0,1565.0,1522.23,1565.0,1558.85,6.15,0.3945,39121.4,6064453.668,茅台
600519.SH,20241029,1560.0,1580.0,1530.0,1531.62,1565.0,-33.38,-2.1329,41165.78,6368105.233,茅台
600519.SH,20241030,1525.0,1551.19,1523.41,1532.0,1531.62,0.38,0.0248,32005.74,4913175.983,茅台
600519.SH,20241031,1532.15,1540.0,1520.0,1527.79,1532.0,-4.21,-0.2748,29957.35,4575545.18,茅台
600519.SH,20241101,1521.0,1545.13,1520.8,1533.75,1527.79,5.96,0.3901,32283.92,4954302.212,茅台
600519.SH,20241104,1544.93,1550.0,1528.06,1548.2,1533.75,14.45,0.9421,29092.92,4481761.764,茅台
600519.SH,20241105,1540.0,1577.7,1536.01,1576.99,1548.2,28.79,1.8596,45640.47,7134443.464,茅台
600519.SH,20241106,1575.0,1588.99,1561.22,1571.0,1576.99,-5.99,-0.3798,37631.43,5916917.616,茅台
600519.SH,20241107,1562.46,1653.5,1562.3,1649.14,1571.0,78.14,4.9739,74738.72,12074951.757,茅台
600519.SH,20241108,1660.89,1667.11,1601.01,1609.97,1649.14,-39.17,-2.3752,60771.2,9885645.907,茅台
600519.SH,20241111,1590.0,1609.95,1567.19,1598.01,1609.97,-11.96,-0.7429,43853.65,6957095.385,茅台
600519.SH,20241112,1589.0,1623.0,1573.95,1577.2,1598.01,-20.81,-1.3022,49222.66,7844798.676,茅台
600519.SH,20241113,1568.0,1586.66,1561.28,1578.5,1577.2,1.3,0.0824,29125.26,4594445.032,茅台
600519.SH,20241114,1570.0,1594.45,1565.65,1573.8,1578.5,-4.7,-0.2978,29248.14,4617144.097,茅台
600519.SH,20241115,1569.0,1583.8,1553.0,1559.0,1573.8,-14.8,-0.9404,33761.12,5295326.892,茅台
600519.SH,20241118,1562.0,1575.99,1555.0,1559.0,1559.0,0.0,0.0,27092.19,4237197.499,茅台
600519.SH,20241119,1565.0,1569.37,1525.0,1541.92,1559.0,-17.08,-1.0956,33266.43,5138831.155,茅台
600519.SH,20241120,1543.0,1553.97,1531.3,1544.81,1541.92,2.89,0.1874,21344.55,3292675.257,茅台
600519.SH,20241121,1543.87,1548.99,1532.0,1545.13,1544.81,0.32,0.0207,18261.79,2810933.515,茅台
600519.SH,20241122,1541.15,1547.77,1507.82,1507.82,1545.13,-37.31,-2.4147,33436.11,5107288.992,茅台
600519.SH,20241125,1511.0,1532.0,1496.67,1498.57,1507.82,-9.25,-0.6135,33185.56,5011136.234,茅台
600519.SH,20241126,1498.57,1518.88,1488.88,1509.0,1498.57,10.43,0.696,25744.79,3876885.984,茅台
600519.SH,20241127,1509.0,1522.15,1505.0,1519.05,1509.0,10.05,0.666,25934.17,3927607.772,茅台
600519.SH,20241128,1522.0,1524.99,1502.0,1518.0,1519.05,-1.05,-0.0691,23952.03,3627662.382,茅台
600519.SH,20241129,1517.0,1555.0,1513.21,1525.74,1518.0,7.74,0.5099,36088.1,5534035.503,茅台
600519.SH,20241202,1526.0,1529.99,1515.1,1525.0,1525.74,-0.74,-0.0485,26819.54,4086609.952,茅台
600519.SH,20241203,1524.0,1528.9,1516.08,1526.74,1525.0,1.74,0.1141,24806.62,3777197.199,茅台
600519.SH,20241204,1520.07,1523.66,1510.0,1520.0,1526.74,-6.74,-0.4415,23923.89,3626565.544,茅台
600519.SH,20241205,1510.86,1517.86,1510.0,1511.0,1520.0,-9.0,-0.5921,16141.47,2441318.387,茅台
600519.SH,20241206,1513.0,1538.9,1508.07,1521.01,1511.0,10.01,0.6625,32039.69,4883148.6,茅台
600519.SH,20241209,1522.02,1529.72,1513.2,1518.8,1521.01,-2.21,-0.1453,19799.86,3008173.586,茅台
600519.SH,20241210,1570.0,1579.73,1545.18,1546.59,1518.8,27.79,1.8297,60312.1,9421340.719,茅台
600519.SH,20241211,1540.0,1555.0,1530.98,1535.6,1546.59,-10.99,-0.7106,29671.12,4569662.604,茅台
600519.SH,20241212,1532.02,1566.0,1529.0,1565.8,1535.6,30.2,1.9667,41936.52,6510547.81,茅台
600519.SH,20241213,1550.01,1554.99,1518.88,1519.0,1565.8,-46.8,-2.9889,49511.97,7580908.315,茅台
600519.SH,20241216,1521.0,1529.0,1510.71,1527.2,1519.0,8.2,0.5398,32537.1,4945298.799,茅台
600519.SH,20241217,1525.99,1569.0,1521.01,1558.0,1527.2,30.8,2.0168,54171.63,8398945.449,茅台
600519.SH,20241218,1557.97,1577.0,1547.1,1571.5,1558.0,13.5,0.8665,41162.26,6440801.971,茅台
600519.SH,20241219,1565.14,1567.93,1550.33,1551.01,1571.5,-20.49,-1.3038,24809.32,3862602.665,茅台
600519.SH,20241220,1531.13,1541.8,1520.02,1522.0,1527.13,-5.13,-0.3359,28157.74,4307425.535,茅台
600519.SH,20241223,1523.0,1538.0,1517.0,1526.45,1522.0,4.45,0.2924,21602.69,3300971.424,茅台
600519.SH,20241224,1525.0,1544.0,1521.59,1538.82,1526.45,12.37,0.8104,22104.92,3394160.299,茅台
600519.SH,20241225,1538.8,1538.8,1526.1,1530.0,1538.82,-8.82,-0.5732,17123.39,2621061.878,茅台
600519.SH,20241226,1534.0,1538.78,1523.0,1527.79,1530.0,-2.21,-0.1444,18286.51,2798840.003,茅台
600519.SH,20241227,1528.9,1536.0,1519.5,1528.97,1527.79,1.18,0.0772,20759.32,3170191.445,茅台
600519.SH,20241230,1533.97,1543.96,1525.0,1525.0,1528.97,-3.97,-0.2597,25129.82,3849542.646,茅台
600519.SH,20241231,1525.4,1545.0,1522.01,1524.0,1525.0,-1.0,-0.0656,39354.45,6033540.366,茅台
